<?xml version="1.0" encoding="utf-8"?>
<manifest identifier="_6rpXCXYTV4T_course_id" version="1.0" xmlns="http://www.imsproject.org/xsd/imscp_rootv1p1p2" xmlns:adlcp="http://www.adlnet.org/xsd/adlcp_rootv1p2" xmlns:xsi="http://www.w3.org/2001/XMLSchema-instance" xsi:schemaLocation="http://www.imsproject.org/xsd/imscp_rootv1p1p2 imscp_rootv1p1p2.xsd http://www.imsglobal.org/xsd/imsmd_rootv1p2p1 imsmd_rootv1p2p1.xsd http://www.adlnet.org/xsd/adlcp_rootv1p2 adlcp_rootv1p2.xsd">
  <metadata>
    <schema>ADL SCORM</schema>
    <schemaversion>1.2</schemaversion>
    <lom xmlns="http://www.imsglobal.org/xsd/imsmd_rootv1p2p1" xmlns:xsi="http://www.w3.org/2001/XMLSchema-instance" xsi:schemaLocation="http://www.imsglobal.org/xsd/imsmd_rootv1p2p1 imsmd_rootv1p2p1.xsd">
      <general>
        <title>
          <langstring xml:lang="x-none">Fire Safety in the Workplace</langstring>
        </title>
      </general>
      <lifecycle>
        <version>
          <langstring xml:lang="x-none">1</langstring>
        </version>
        <status>
          <source>
            <langstring xml:lang="x-none">LOMv1.0</langstring>
          </source>
          <value>
            <langstring xml:lang="x-none">Final</langstring>
          </value>
        </status>
      </lifecycle>
      <metametadata>
        <metadatascheme>ADL SCORM 1.2</metadatascheme>
      </metametadata>
      <educational>
        <typicallearningtime>
          <datetime>PT0H0M0S</datetime>
        </typicallearningtime>
      </educational>
      <rights>
        <cost>
          <source>
            <langstring xml:lang="x-none">LOMv1.0</langstring>
          </source>
          <value>
            <langstring xml:lang="x-none">yes</langstring>
          </value>
        </cost>
        <copyrightandotherrestrictions>
          <source>
            <langstring xml:lang="x-none">LOMv1.0</langstring>
          </source>
          <value>
            <langstring xml:lang="x-none">yes</langstring>
          </value>
        </copyrightandotherrestrictions>
      </rights>
    </lom>
  </metadata>
  <organizations default="Fire_Safety_in_the_Workplace_ORG">
    <organization identifier="Fire_Safety_in_the_Workplace_ORG">
      <title>Fire Safety in the Workplace</title>
      <item identifier="Being_Open_SCO" isvisible="true" identifierref="__6rpXCXYTV4T_course_id_RES">
        <title>Fire Safety in the Workplace</title>
        <adlcp:masteryscore>80</adlcp:masteryscore>
      </item>
    </organization>
  </organizations>
  <resources>
    <resource identifier="__6rpXCXYTV4T_course_id_RES" type="webcontent" href="index_lms.html" adlcp:scormtype="sco">
      <file href="story_content/thumbnail.jpg" />
      <file href="story_content/5xV8EYbBclQ_DX1472_DY1472.jpg" />
      <file href="mobile/5xV8EYbBclQ_DX1472_DY1472_CX736_CY491.jpg" />
      <file href="story_content/6HLuGev3Nm7_DX702_DY702.jpg" />
      <file href="mobile/6HLuGev3Nm7_DX702_DY702_CX351_CY70.jpg" />
      <file href="story_content/6CE2QUGosBI_DX784_DY784.jpg" />
      <file href="mobile/6CE2QUGosBI_DX784_DY784_CX392_CY392.jpg" />
      <file href="story_content/6nnosnKzZdG_DX140_DY140.jpg" />
      <file href="mobile/6nnosnKzZdG_DX140_DY140_CX70_CY64.jpg" />
      <file href="story_content/6hWNcICL4WE_DX470_DY470.jpg" />
      <file href="mobile/6hWNcICL4WE_DX470_DY470_CX235_CY216.jpg" />
      <file href="story_content/Shape5zgbZGMiAPA.swf" />
      <file href="story_content/Shape6NqiWO1iwRr.swf" />
      <file href="story_content/Shape6dMeRHaQxo1.swf" />
      <file href="story_content/6Wvmaj8xQn8_DX158_DY158.jpg" />
      <file href="mobile/6Wvmaj8xQn8_DX158_DY158_CX52_CY79.jpg" />
      <file href="story_content/Shape6kqP9MUCJx0.swf" />
      <file href="mobile/6Wvmaj8xQn8_DX158_DY158_CX34_CY51.jpg" />
      <file href="story_content/6RWWTkpJr8R_DX674_DY674.jpg" />
      <file href="mobile/6RWWTkpJr8R_DX674_DY674_CX337_CY322.jpg" />
      <file href="story_content/63AMKoNCc3J_DX254_DY254.jpg" />
      <file href="mobile/63AMKoNCc3J_DX254_DY254_CX91_CY127.jpg" />
      <file href="story_content/5hSPTfw38Q3_DX252_DY252.jpg" />
      <file href="mobile/5hSPTfw38Q3_DX252_DY252_CX87_CY126.jpg" />
      <file href="story_content/6DvvEgFaxJD_DX254_DY254.jpg" />
      <file href="mobile/6DvvEgFaxJD_DX254_DY254_CX87_CY127.jpg" />
      <file href="story_content/61ERKpxEfb0_DX688_DY688.jpg" />
      <file href="mobile/61ERKpxEfb0_DX688_DY688_CX180_CY344.jpg" />
      <file href="story_content/5v51bmf1NUJ_DX688_DY688.jpg" />
      <file href="mobile/5v51bmf1NUJ_DX688_DY688_CX176_CY344.jpg" />
      <file href="story_content/5cEppVl717z_DX940_DY940.jpg" />
      <file href="mobile/5cEppVl717z_DX940_DY940_CX470_CY146.jpg" />
      <file href="story_content/Shape5gGFpzoDJf8.swf" />
      <file href="story_content/Shape6kuAL85KHw0.swf" />
      <file href="story_content/6GoCpOycB2y_DX806_DY806.jpg" />
      <file href="mobile/6GoCpOycB2y_DX806_DY806_CX207_CY403.jpg" />
      <file href="story_content/Shape6LDiY9bi5HU.swf" />
      <file href="story_content/60Qhkgtm0RR6O31nv8rIQ2{Width=568.6974, Height=347.5}Light_DX1138_DY1138.jpg" />
      <file href="mobile/60Qhkgtm0RR6O31nv8rIQ2{Width=568.6974, Height=347.5}Light_DX1138_DY1138_CX569_CY348.jpg" />
      <file href="story_content/5xV8EYbBclQ_P_0_0_760_600_DX1472_DY1472.swf" />
      <file href="mobile/5xV8EYbBclQ_P_0_0_760_600_DX1472_DY1472_CX622_CY486.png" />
      <file href="story_content/5mQ7woJfp0g_P_109_359_1368_200_DX1226_DY1226.swf" />
      <file href="mobile/5mQ7woJfp0g_P_109_359_1368_200_DX1226_DY1226_CX524_CY77.png" />
      <file href="meta.xml" />
      <file href="story_content/frame.xml" />
      <file href="story_content/frame.js" />
      <file href="story_content/user.js" />
      <file href="story_unsupported.html" />
      <file href="mobile/player.css" />
      <file href="mobile/player_compiled.js" />
      <file href="story_content/FontFactory.swf" />
      <file href="story_content/fonts.swf" />
      <file href="mobile/fonts.js" />
      <file href="story.swf" />
      <file href="story_content/frame.swf" />
      <file href="story_content/slides/5qTFNBoSiA9.swf" />
      <file href="story_content/slides/6ZXq27BCsYB.swf" />
      <file href="story_content/slides/6HADun1NxQe.swf" />
      <file href="story_content/slides/6dCd7igdbM3.swf" />
      <file href="story_content/slides/65pjvpfzbP4.swf" />
      <file href="mobile/slides/5qTFNBoSiA9.js" />
      <file href="mobile/slides/6HADun1NxQe.js" />
      <file href="story_content/slides/6X3iwjIIXXG.swf" />
      <file href="mobile/slides/6ZXq27BCsYB.js" />
      <file href="mobile/slides/6dCd7igdbM3.js" />
      <file href="story_content/slides/6APHXBA19VO.swf" />
      <file href="story_content/slides/6jXPnw6EP2I.swf" />
      <file href="story_content/slides/5gvXetdaXTb.swf" />
      <file href="mobile/slides/6X3iwjIIXXG.js" />
      <file href="mobile/slides/6jXPnw6EP2I.js" />
      <file href="story_content/slides/5bBh4Fgsqn6.swf" />
      <file href="story_content/slides/6FNl4jBcf1S.swf" />
      <file href="mobile/slides/65pjvpfzbP4.js" />
      <file href="mobile/slides/6APHXBA19VO.js" />
      <file href="story_content/slides/6XmsNibRG94.swf" />
      <file href="story_content/slides/5nN5lbPPjLp.swf" />
      <file href="mobile/slides/6FNl4jBcf1S.js" />
      <file href="mobile/slides/5bBh4Fgsqn6.js" />
      <file href="mobile/slides/5gvXetdaXTb.js" />
      <file href="mobile/slides/6XmsNibRG94.js" />
      <file href="mobile/slides/5nN5lbPPjLp.js" />
      <file href="story_content/slides/6dQ7MRpwf30.swf" />
      <file href="mobile/slides/6dQ7MRpwf30.js" />
      <file href="story_content/slides/6CrmnlSeTTi.swf" />
      <file href="story_content/slides/6hgivbfzYzg.swf" />
      <file href="story_content/slides/6JTFhU1nbhY.swf" />
      <file href="story_content/slides/61p2V5LWxDl.swf" />
      <file href="story_content/slides/5xgxx4FX4OO.swf" />
      <file href="mobile/slides/6CrmnlSeTTi.js" />
      <file href="mobile/slides/61p2V5LWxDl.js" />
      <file href="story_content/slides/6GDftI4lVwd.swf" />
      <file href="mobile/slides/6hgivbfzYzg.js" />
      <file href="story_content/slides/6OHtAqY2vXW.swf" />
      <file href="story_content/slides/6OcOnAtIt3t.swf" />
      <file href="mobile/slides/6JTFhU1nbhY.js" />
      <file href="mobile/slides/5xgxx4FX4OO.js" />
      <file href="story_content/slides/62eY7gdhndk.swf" />
      <file href="mobile/slides/6OcOnAtIt3t.js" />
      <file href="mobile/slides/62eY7gdhndk.js" />
      <file href="mobile/slides/6GDftI4lVwd.js" />
      <file href="mobile/slides/6OHtAqY2vXW.js" />
      <file href="story_content/data.swf" />
      <file href="mobile/data.js" />
      <file href="mobile/masks.js" />
      <file href="story.html" />
      <file href="story_html5.html" />
      <file href="index_lms_html5.html" />
      <file href="story_content/blank.html" />
      <file href="story_content/story.js" />
      <file href="index_lms.html" />
      <file href="lms/AICCComm.html" />
      <file href="lms/AICCFunctions.js" />
      <file href="lms/API.js" />
      <file href="lms/APIConstants.js" />
      <file href="lms/blank.html" />
      <file href="lms/browsersniff.js" />
      <file href="lms/Configuration.js" />
      <file href="lms/goodbye.html" />
      <file href="lms/lms.js" />
      <file href="lms/LMSAPI.js" />
      <file href="lms/NONEFunctions.js" />
      <file href="lms/SCORM2004Functions.js" />
      <file href="lms/SCORMFunctions.js" />
      <file href="lms/UtilityFunctions.js" />
    </resource>
  </resources>
</manifest>